"team","week","yardage_type","yards","offset","offset2","outcome"
"nfl-ari",16,"rushing",27,0,-1,"loss"
"nfl-ari",16,"passing",205,27,1,"loss"
"nfl-ari",15,"rushing",121,0,-1,"win"
"nfl-ari",15,"passing",260,121,1,"win"
"nfl-ari",14,"rushing",230,0,-1,"win"
"nfl-ari",14,"passing",263,230,1,"win"
"nfl-ari",13,"rushing",97,0,-1,"win"
"nfl-ari",13,"passing",296,97,1,"win"
"nfl-ari",12,"rushing",175,0,-1,"win"
"nfl-ari",12,"passing",349,175,1,"win"
"nfl-ari",11,"rushing",70,0,-1,"win"
"nfl-ari",11,"passing",267,70,1,"win"
"nfl-ari",10,"rushing",82,0,-1,"win"
"nfl-ari",10,"passing",301,82,1,"win"
"nfl-ari",9,"rushing",117,0,-1,"win"
"nfl-ari",9,"passing",334,117,1,"win"
"nfl-ari",8,"rushing",119,0,-1,"win"
"nfl-ari",8,"passing",372,119,1,"win"
"nfl-ari",7,"rushing",150,0,-1,"win"
"nfl-ari",7,"passing",264,150,1,"win"
"nfl-ari",6,"rushing",55,0,-1,"loss"
"nfl-ari",6,"passing",414,55,1,"loss"
"nfl-ari",5,"rushing",187,0,-1,"win"
"nfl-ari",5,"passing",158,187,1,"win"
"nfl-ari",4,"rushing",113,0,-1,"loss"
"nfl-ari",4,"passing",334,113,1,"loss"
"nfl-ari",3,"rushing",139,0,-1,"win"
"nfl-ari",3,"passing",307,139,1,"win"
"nfl-ari",2,"rushing",115,0,-1,"win"
"nfl-ari",2,"passing",185,115,1,"win"
"nfl-ari",1,"rushing",120,0,-1,"win"
"nfl-ari",1,"passing",307,120,1,"win"
"nfl-atl",16,"rushing",87,0,-1,"loss"
"nfl-atl",16,"passing",327,87,1,"loss"
"nfl-atl",15,"rushing",77,0,-1,"win"
"nfl-atl",15,"passing",296,77,1,"win"
"nfl-atl",14,"rushing",83,0,-1,"win"
"nfl-atl",14,"passing",245,83,1,"win"
"nfl-atl",13,"rushing",54,0,-1,"loss"
"nfl-atl",13,"passing",176,54,1,"loss"
"nfl-atl",12,"rushing",64,0,-1,"loss"
"nfl-atl",12,"passing",255,64,1,"loss"
"nfl-atl",11,"rushing",116,0,-1,"loss"
"nfl-atl",11,"passing",213,116,1,"loss"
"nfl-atl",10,"rushing",100,0,-1,"loss"
"nfl-atl",10,"passing",275,100,1,"loss"
"nfl-atl",9,"rushing",17,0,-1,"loss"
"nfl-atl",9,"passing",285,17,1,"loss"
"nfl-atl",8,"rushing",101,0,-1,"loss"
"nfl-atl",8,"passing",395,101,1,"loss"
"nfl-atl",7,"rushing",127,0,-1,"win"
"nfl-atl",7,"passing",251,127,1,"win"
"nfl-atl",6,"rushing",150,0,-1,"loss"
"nfl-atl",6,"passing",263,150,1,"loss"
"nfl-atl",5,"rushing",176,0,-1,"win"
"nfl-atl",5,"passing",242,176,1,"win"
"nfl-atl",4,"rushing",135,0,-1,"win"
"nfl-atl",4,"passing",243,135,1,"win"
"nfl-atl",3,"rushing",158,0,-1,"win"
"nfl-atl",3,"passing",280,158,1,"win"
"nfl-atl",2,"rushing",56,0,-1,"win"
"nfl-atl",2,"passing",346,56,1,"win"
"nfl-atl",1,"rushing",105,0,-1,"win"
"nfl-atl",1,"passing",290,105,1,"win"
"nfl-bal",16,"rushing",59,0,-1,"loss"
"nfl-bal",16,"passing",282,59,1,"loss"
"nfl-bal",15,"rushing",121,0,-1,"win"
"nfl-bal",15,"passing",265,121,1,"win"
"nfl-bal",14,"rushing",93,0,-1,"loss"
"nfl-bal",14,"passing",273,93,1,"loss"
"nfl-bal",13,"rushing",28,0,-1,"loss"
"nfl-bal",13,"passing",274,28,1,"loss"
"nfl-bal",12,"rushing",94,0,-1,"loss"
"nfl-bal",12,"passing",281,94,1,"loss"
"nfl-bal",11,"rushing",104,0,-1,"win"
"nfl-bal",11,"passing",232,104,1,"win"
"nfl-bal",10,"rushing",96,0,-1,"win"
"nfl-bal",10,"passing",292,96,1,"win"
"nfl-bal",9,"rushing",89,0,-1,"loss"
"nfl-bal",9,"passing",308,89,1,"loss"
"nfl-bal",8,"rushing",72,0,-1,"win"
"nfl-bal",8,"passing",293,72,1,"win"
"nfl-bal",7,"rushing",55,0,-1,"loss"
"nfl-bal",7,"passing",221,55,1,"loss"
"nfl-bal",6,"rushing",77,0,-1,"loss"
"nfl-bal",6,"passing",343,77,1,"loss"
"nfl-bal",5,"rushing",181,0,-1,"loss"
"nfl-bal",5,"passing",196,181,1,"loss"
"nfl-bal",4,"rushing",191,0,-1,"win"
"nfl-bal",4,"passing",165,191,1,"win"
"nfl-bal",3,"rushing",36,0,-1,"loss"
"nfl-bal",3,"passing",362,36,1,"loss"
"nfl-bal",2,"rushing",109,0,-1,"loss"
"nfl-bal",2,"passing",384,109,1,"loss"
"nfl-bal",1,"rushing",73,0,-1,"loss"
"nfl-bal",1,"passing",100,73,1,"loss"
"nfl-buf",16,"rushing",113,0,-1,"win"
"nfl-buf",16,"passing",182,113,1,"win"
"nfl-buf",15,"rushing",236,0,-1,"win"
"nfl-buf",15,"passing",172,236,1,"win"
"nfl-buf",14,"rushing",240,0,-1,"loss"
"nfl-buf",14,"passing",212,240,1,"loss"
"nfl-buf",13,"rushing",152,0,-1,"loss"
"nfl-buf",13,"passing",260,152,1,"loss"
"nfl-buf",12,"rushing",187,0,-1,"win"
"nfl-buf",12,"passing",203,187,1,"win"
"nfl-buf",11,"rushing",129,0,-1,"loss"
"nfl-buf",11,"passing",286,129,1,"loss"
"nfl-buf",10,"rushing",94,0,-1,"loss"
"nfl-buf",10,"passing",225,94,1,"loss"
"nfl-buf",9,"rushing",148,0,-1,"win"
"nfl-buf",9,"passing",132,148,1,"win"
"nfl-buf",8,"rushing",266,0,-1,"win"
"nfl-buf",8,"passing",154,266,1,"win"
"nfl-buf",7,"rushing",115,0,-1,"loss"
"nfl-buf",7,"passing",260,115,1,"loss"
"nfl-buf",6,"rushing",112,0,-1,"loss"
"nfl-buf",6,"passing",256,112,1,"loss"
"nfl-buf",5,"rushing",127,0,-1,"win"
"nfl-buf",5,"passing",82,127,1,"win"
"nfl-buf",4,"rushing",55,0,-1,"loss"
"nfl-buf",4,"passing",258,55,1,"loss"
"nfl-buf",3,"rushing",151,0,-1,"win"
"nfl-buf",3,"passing",277,151,1,"win"
"nfl-buf",2,"rushing",160,0,-1,"loss"
"nfl-buf",2,"passing",189,160,1,"loss"
"nfl-buf",1,"rushing",147,0,-1,"win"
"nfl-buf",1,"passing",195,147,1,"win"
"nfl-car",16,"rushing",111,0,-1,"win"
"nfl-car",16,"passing",255,111,1,"win"
"nfl-car",15,"rushing",155,0,-1,"loss"
"nfl-car",15,"passing",113,155,1,"loss"
"nfl-car",14,"rushing",171,0,-1,"win"
"nfl-car",14,"passing",309,171,1,"win"
"nfl-car",13,"rushing",142,0,-1,"win"
"nfl-car",13,"passing",282,142,1,"win"
"nfl-car",12,"rushing",175,0,-1,"win"
"nfl-car",12,"passing",322,175,1,"win"
"nfl-car",11,"rushing",129,0,-1,"win"
"nfl-car",11,"passing",165,129,1,"win"
"nfl-car",10,"rushing",142,0,-1,"win"
"nfl-car",10,"passing",226,142,1,"win"
"nfl-car",9,"rushing",119,0,-1,"win"
"nfl-car",9,"passing",184,119,1,"win"
"nfl-car",8,"rushing",130,0,-1,"win"
"nfl-car",8,"passing",297,130,1,"win"
"nfl-car",7,"rushing",140,0,-1,"win"
"nfl-car",7,"passing",239,140,1,"win"
"nfl-car",6,"rushing",204,0,-1,"win"
"nfl-car",6,"passing",190,204,1,"win"
"nfl-car",5,"rushing",135,0,-1,"win"
"nfl-car",5,"passing",248,135,1,"win"
"nfl-car",4,"rushing",133,0,-1,"win"
"nfl-car",4,"passing",111,133,1,"win"
"nfl-car",3,"rushing",119,0,-1,"win"
"nfl-car",3,"passing",312,119,1,"win"
"nfl-car",2,"rushing",172,0,-1,"win"
"nfl-car",2,"passing",178,172,1,"win"
"nfl-car",1,"rushing",105,0,-1,"win"
"nfl-car",1,"passing",158,105,1,"win"
"nfl-chi",16,"rushing",111,0,-1,"loss"
"nfl-chi",16,"passing",234,111,1,"loss"
"nfl-chi",15,"rushing",174,0,-1,"win"
"nfl-chi",15,"passing",153,174,1,"win"
"nfl-chi",14,"rushing",94,0,-1,"loss"
"nfl-chi",14,"passing",199,94,1,"loss"
"nfl-chi",13,"rushing",87,0,-1,"loss"
"nfl-chi",13,"passing",290,87,1,"loss"
"nfl-chi",12,"rushing",170,0,-1,"loss"
"nfl-chi",12,"passing",194,170,1,"loss"
"nfl-chi",11,"rushing",101,0,-1,"win"
"nfl-chi",11,"passing",189,101,1,"win"
"nfl-chi",10,"rushing",86,0,-1,"loss"
"nfl-chi",10,"passing",261,86,1,"loss"
"nfl-chi",9,"rushing",153,0,-1,"win"
"nfl-chi",9,"passing",244,153,1,"win"
"nfl-chi",8,"rushing",109,0,-1,"win"
"nfl-chi",8,"passing",337,109,1,"win"
"nfl-chi",7,"rushing",97,0,-1,"loss"
"nfl-chi",7,"passing",208,97,1,"loss"
"nfl-chi",6,"rushing",91,0,-1,"loss"
"nfl-chi",6,"passing",353,91,1,"loss"
"nfl-chi",5,"rushing",87,0,-1,"win"
"nfl-chi",5,"passing",241,87,1,"win"
"nfl-chi",4,"rushing",98,0,-1,"win"
"nfl-chi",4,"passing",273,98,1,"win"
"nfl-chi",3,"rushing",98,0,-1,"loss"
"nfl-chi",3,"passing",48,98,1,"loss"
"nfl-chi",2,"rushing",109,0,-1,"loss"
"nfl-chi",2,"passing",226,109,1,"loss"
"nfl-chi",1,"rushing",189,0,-1,"loss"
"nfl-chi",1,"passing",213,189,1,"loss"
"nfl-cin",16,"rushing",145,0,-1,"win"
"nfl-cin",16,"passing",147,145,1,"win"
"nfl-cin",15,"rushing",108,0,-1,"loss"
"nfl-cin",15,"passing",186,108,1,"loss"
"nfl-cin",14,"rushing",68,0,-1,"win"
"nfl-cin",14,"passing",174,68,1,"win"
"nfl-cin",13,"rushing",64,0,-1,"loss"
"nfl-cin",13,"passing",321,64,1,"loss"
"nfl-cin",12,"rushing",144,0,-1,"win"
"nfl-cin",12,"passing",233,144,1,"win"
"nfl-cin",11,"rushing",140,0,-1,"win"
"nfl-cin",11,"passing",236,140,1,"win"
"nfl-cin",10,"rushing",99,0,-1,"loss"
"nfl-cin",10,"passing",278,99,1,"loss"
"nfl-cin",9,"rushing",74,0,-1,"loss"
"nfl-cin",9,"passing",182,74,1,"loss"
"nfl-cin",8,"rushing",152,0,-1,"win"
"nfl-cin",8,"passing",219,152,1,"win"
"nfl-cin",7,"rushing",78,0,-1,"win"
"nfl-cin",7,"passing",218,78,1,"win"
"nfl-cin",6,"rushing",112,0,-1,"win"
"nfl-cin",6,"passing",243,112,1,"win"
"nfl-cin",5,"rushing",109,0,-1,"win"
"nfl-cin",5,"passing",310,109,1,"win"
"nfl-cin",4,"rushing",124,0,-1,"win"
"nfl-cin",4,"passing",321,124,1,"win"
"nfl-cin",3,"rushing",86,0,-1,"win"
"nfl-cin",3,"passing",372,86,1,"win"
"nfl-cin",2,"rushing",175,0,-1,"win"
"nfl-cin",2,"passing",214,175,1,"win"
"nfl-cin",1,"rushing",127,0,-1,"win"
"nfl-cin",1,"passing",269,127,1,"win"
"nfl-cle",16,"rushing",86,0,-1,"loss"
"nfl-cle",16,"passing",177,86,1,"loss"
"nfl-cle",15,"rushing",232,0,-1,"loss"
"nfl-cle",15,"passing",136,232,1,"loss"
"nfl-cle",14,"rushing",94,0,-1,"loss"
"nfl-cle",14,"passing",136,94,1,"loss"
"nfl-cle",13,"rushing",230,0,-1,"win"
"nfl-cle",13,"passing",251,230,1,"win"
"nfl-cle",12,"rushing",68,0,-1,"loss"
"nfl-cle",12,"passing",205,68,1,"loss"
"nfl-cle",11,"rushing",63,0,-1,"loss"
"nfl-cle",11,"passing",275,63,1,"loss"
"nfl-cle",10,"rushing",15,0,-1,"loss"
"nfl-cle",10,"passing",327,15,1,"loss"
"nfl-cle",9,"rushing",69,0,-1,"loss"
"nfl-cle",9,"passing",144,69,1,"loss"
"nfl-cle",8,"rushing",39,0,-1,"loss"
"nfl-cle",8,"passing",215,39,1,"loss"
"nfl-cle",7,"rushing",82,0,-1,"loss"
"nfl-cle",7,"passing",282,82,1,"loss"
"nfl-cle",6,"rushing",109,0,-1,"loss"
"nfl-cle",6,"passing",189,109,1,"loss"
"nfl-cle",5,"rushing",83,0,-1,"win"
"nfl-cle",5,"passing",422,83,1,"win"
"nfl-cle",4,"rushing",100,0,-1,"loss"
"nfl-cle",4,"passing",332,100,1,"loss"
"nfl-cle",3,"rushing",39,0,-1,"loss"
"nfl-cle",3,"passing",316,39,1,"loss"
"nfl-cle",2,"rushing",116,0,-1,"win"
"nfl-cle",2,"passing",158,116,1,"win"
"nfl-cle",1,"rushing",104,0,-1,"loss"
"nfl-cle",1,"passing",217,104,1,"loss"
"nfl-dal",16,"rushing",100,0,-1,"loss"
"nfl-dal",16,"passing",412,100,1,"loss"
"nfl-dal",15,"rushing",121,0,-1,"loss"
"nfl-dal",15,"passing",186,121,1,"loss"
"nfl-dal",14,"rushing",133,0,-1,"loss"
"nfl-dal",14,"passing",176,133,1,"loss"
"nfl-dal",13,"rushing",171,0,-1,"loss"
"nfl-dal",13,"passing",99,171,1,"loss"
"nfl-dal",12,"rushing",97,0,-1,"win"
"nfl-dal",12,"passing",221,97,1,"win"
"nfl-dal",11,"rushing",31,0,-1,"loss"
"nfl-dal",11,"passing",179,31,1,"loss"
"nfl-dal",10,"rushing",166,0,-1,"win"
"nfl-dal",10,"passing",220,166,1,"win"
"nfl-dal",9,"rushing",42,0,-1,"loss"
"nfl-dal",9,"passing",174,42,1,"loss"
"nfl-dal",8,"rushing",134,0,-1,"loss"
"nfl-dal",8,"passing",277,134,1,"loss"
"nfl-dal",7,"rushing",129,0,-1,"loss"
"nfl-dal",7,"passing",91,129,1,"loss"
"nfl-dal",6,"rushing",233,0,-1,"loss"
"nfl-dal",6,"passing",227,233,1,"loss"
"nfl-dal",5,"rushing",100,0,-1,"loss"
"nfl-dal",5,"passing",164,100,1,"loss"
"nfl-dal",4,"rushing",115,0,-1,"loss"
"nfl-dal",4,"passing",220,115,1,"loss"
"nfl-dal",3,"rushing",127,0,-1,"loss"
"nfl-dal",3,"passing",220,127,1,"loss"
"nfl-dal",2,"rushing",109,0,-1,"win"
"nfl-dal",2,"passing",250,109,1,"win"
"nfl-dal",1,"rushing",80,0,-1,"win"
"nfl-dal",1,"passing",356,80,1,"win"
"nfl-den",16,"rushing",210,0,-1,"win"
"nfl-den",16,"passing",293,210,1,"win"
"nfl-den",15,"rushing",113,0,-1,"win"
"nfl-den",15,"passing",277,113,1,"win"
"nfl-den",14,"rushing",104,0,-1,"loss"
"nfl-den",14,"passing",281,104,1,"loss"
"nfl-den",13,"rushing",34,0,-1,"loss"
"nfl-den",13,"passing",276,34,1,"loss"
"nfl-den",12,"rushing",134,0,-1,"win"
"nfl-den",12,"passing",159,134,1,"win"
"nfl-den",11,"rushing",179,0,-1,"win"
"nfl-den",11,"passing",254,179,1,"win"
"nfl-den",10,"rushing",170,0,-1,"win"
"nfl-den",10,"passing",219,170,1,"win"
"nfl-den",9,"rushing",69,0,-1,"loss"
"nfl-den",9,"passing",152,69,1,"loss"
"nfl-den",8,"rushing",35,0,-1,"loss"
"nfl-den",8,"passing",274,35,1,"loss"
"nfl-den",7,"rushing",160,0,-1,"win"
"nfl-den",7,"passing",340,160,1,"win"
"nfl-den",6,"rushing",152,0,-1,"win"
"nfl-den",6,"passing",290,152,1,"win"
"nfl-den",5,"rushing",43,0,-1,"win"
"nfl-den",5,"passing",254,43,1,"win"
"nfl-den",4,"rushing",144,0,-1,"win"
"nfl-den",4,"passing",200,144,1,"win"
"nfl-den",3,"rushing",41,0,-1,"win"
"nfl-den",3,"passing",313,41,1,"win"
"nfl-den",2,"rushing",61,0,-1,"win"
"nfl-den",2,"passing",238,61,1,"win"
"nfl-den",1,"rushing",69,0,-1,"win"
"nfl-den",1,"passing",150,69,1,"win"
"nfl-det",16,"rushing",67,0,-1,"win"
"nfl-det",16,"passing",282,67,1,"win"
"nfl-det",15,"rushing",87,0,-1,"win"
"nfl-det",15,"passing",284,87,1,"win"
"nfl-det",14,"rushing",150,0,-1,"win"
"nfl-det",14,"passing",246,150,1,"win"
"nfl-det",13,"rushing",111,0,-1,"loss"
"nfl-det",13,"passing",220,111,1,"loss"
"nfl-det",12,"rushing",101,0,-1,"loss"
"nfl-det",12,"passing",205,101,1,"loss"
"nfl-det",11,"rushing",108,0,-1,"win"
"nfl-det",11,"passing",322,108,1,"win"
"nfl-det",10,"rushing",109,0,-1,"win"
"nfl-det",10,"passing",266,109,1,"win"
"nfl-det",9,"rushing",45,0,-1,"win"
"nfl-det",9,"passing",242,45,1,"win"
"nfl-det",8,"rushing",81,0,-1,"loss"
"nfl-det",8,"passing",195,81,1,"loss"
"nfl-det",7,"rushing",77,0,-1,"loss"
"nfl-det",7,"passing",197,77,1,"loss"
"nfl-det",6,"rushing",155,0,-1,"win"
"nfl-det",6,"passing",391,155,1,"win"
"nfl-det",5,"rushing",56,0,-1,"loss"
"nfl-det",5,"passing",379,56,1,"loss"
"nfl-det",4,"rushing",53,0,-1,"loss"
"nfl-det",4,"passing",203,53,1,"loss"
"nfl-det",3,"rushing",28,0,-1,"loss"
"nfl-det",3,"passing",262,28,1,"loss"
"nfl-det",2,"rushing",38,0,-1,"loss"
"nfl-det",2,"passing",285,38,1,"loss"
"nfl-det",1,"rushing",69,0,-1,"loss"
"nfl-det",1,"passing",233,69,1,"loss"
"nfl-gb",16,"rushing",76,0,-1,"loss"
"nfl-gb",16,"passing",274,76,1,"loss"
"nfl-gb",15,"rushing",101,0,-1,"loss"
"nfl-gb",15,"passing",77,101,1,"loss"
"nfl-gb",14,"rushing",103,0,-1,"win"
"nfl-gb",14,"passing",190,103,1,"win"
"nfl-gb",13,"rushing",230,0,-1,"win"
"nfl-gb",13,"passing",205,230,1,"win"
"nfl-gb",12,"rushing",67,0,-1,"win"
"nfl-gb",12,"passing",246,67,1,"win"
"nfl-gb",11,"rushing",177,0,-1,"loss"
"nfl-gb",11,"passing",188,177,1,"loss"
"nfl-gb",10,"rushing",124,0,-1,"win"
"nfl-gb",10,"passing",196,124,1,"win"
"nfl-gb",9,"rushing",47,0,-1,"loss"
"nfl-gb",9,"passing",325,47,1,"loss"
"nfl-gb",8,"rushing",71,0,-1,"loss"
"nfl-gb",8,"passing",331,71,1,"loss"
"nfl-gb",7,"rushing",90,0,-1,"loss"
"nfl-gb",7,"passing",50,90,1,"loss"
"nfl-gb",6,"rushing",133,0,-1,"win"
"nfl-gb",6,"passing",237,133,1,"win"
"nfl-gb",5,"rushing",86,0,-1,"win"
"nfl-gb",5,"passing",236,86,1,"win"
"nfl-gb",4,"rushing",162,0,-1,"win"
"nfl-gb",4,"passing",200,162,1,"win"
"nfl-gb",3,"rushing",123,0,-1,"win"
"nfl-gb",3,"passing",325,123,1,"win"
"nfl-gb",2,"rushing",127,0,-1,"win"
"nfl-gb",2,"passing",234,127,1,"win"
"nfl-gb",1,"rushing",133,0,-1,"win"
"nfl-gb",1,"passing",189,133,1,"win"
"nfl-hou",16,"rushing",160,0,-1,"win"
"nfl-hou",16,"passing",242,160,1,"win"
"nfl-hou",15,"rushing",128,0,-1,"win"
"nfl-hou",15,"passing",202,128,1,"win"
"nfl-hou",14,"rushing",155,0,-1,"win"
"nfl-hou",14,"passing",150,155,1,"win"
"nfl-hou",13,"rushing",87,0,-1,"loss"
"nfl-hou",13,"passing",102,87,1,"loss"
"nfl-hou",12,"rushing",126,0,-1,"loss"
"nfl-hou",12,"passing",275,126,1,"loss"
"nfl-hou",11,"rushing",167,0,-1,"win"
"nfl-hou",11,"passing",195,167,1,"win"
"nfl-hou",10,"rushing",123,0,-1,"win"
"nfl-hou",10,"passing",241,123,1,"win"
"nfl-hou",9,"rushing",82,0,-1,"win"
"nfl-hou",9,"passing",174,82,1,"win"
"nfl-hou",8,"rushing",56,0,-1,"win"
"nfl-hou",8,"passing",214,56,1,"win"
"nfl-hou",7,"rushing",71,0,-1,"loss"
"nfl-hou",7,"passing",251,71,1,"loss"
"nfl-hou",6,"rushing",95,0,-1,"win"
"nfl-hou",6,"passing",287,95,1,"win"
"nfl-hou",5,"rushing",82,0,-1,"loss"
"nfl-hou",5,"passing",362,82,1,"loss"
"nfl-hou",4,"rushing",54,0,-1,"loss"
"nfl-hou",4,"passing",374,54,1,"loss"
"nfl-hou",3,"rushing",186,0,-1,"win"
"nfl-hou",3,"passing",227,186,1,"win"
"nfl-hou",2,"rushing",61,0,-1,"loss"
"nfl-hou",2,"passing",239,61,1,"loss"
"nfl-hou",1,"rushing",98,0,-1,"loss"
"nfl-hou",1,"passing",298,98,1,"loss"
"nfl-ind",16,"rushing",127,0,-1,"win"
"nfl-ind",16,"passing",200,127,1,"win"
"nfl-ind",15,"rushing",100,0,-1,"win"
"nfl-ind",15,"passing",168,100,1,"win"
"nfl-ind",14,"rushing",50,0,-1,"loss"
"nfl-ind",14,"passing",140,50,1,"loss"
"nfl-ind",13,"rushing",95,0,-1,"loss"
"nfl-ind",13,"passing",227,95,1,"loss"
"nfl-ind",12,"rushing",54,0,-1,"loss"
"nfl-ind",12,"passing",186,54,1,"loss"
"nfl-ind",11,"rushing",27,0,-1,"win"
"nfl-ind",11,"passing",309,27,1,"win"
"nfl-ind",10,"rushing",74,0,-1,"win"
"nfl-ind",10,"passing",202,74,1,"win"
"nfl-ind",9,"rushing",120,0,-1,"win"
"nfl-ind",9,"passing",245,120,1,"win"
"nfl-ind",8,"rushing",136,0,-1,"loss"
"nfl-ind",8,"passing",223,136,1,"loss"
"nfl-ind",7,"rushing",75,0,-1,"loss"
"nfl-ind",7,"passing",301,75,1,"loss"
"nfl-ind",6,"rushing",120,0,-1,"loss"
"nfl-ind",6,"passing",289,120,1,"loss"
"nfl-ind",5,"rushing",110,0,-1,"win"
"nfl-ind",5,"passing",213,110,1,"win"
"nfl-ind",4,"rushing",60,0,-1,"win"
"nfl-ind",4,"passing",266,60,1,"win"
"nfl-ind",3,"rushing",133,0,-1,"win"
"nfl-ind",3,"passing",245,133,1,"win"
"nfl-ind",2,"rushing",93,0,-1,"loss"
"nfl-ind",2,"passing",250,93,1,"loss"
"nfl-ind",1,"rushing",64,0,-1,"loss"
"nfl-ind",1,"passing",240,64,1,"loss"
"nfl-jac",16,"rushing",32,0,-1,"loss"
"nfl-jac",16,"passing",183,32,1,"loss"
"nfl-jac",15,"rushing",65,0,-1,"loss"
"nfl-jac",15,"passing",347,65,1,"loss"
"nfl-jac",14,"rushing",85,0,-1,"loss"
"nfl-jac",14,"passing",285,85,1,"loss"
"nfl-jac",13,"rushing",154,0,-1,"win"
"nfl-jac",13,"passing",226,154,1,"win"
"nfl-jac",12,"rushing",81,0,-1,"loss"
"nfl-jac",12,"passing",302,81,1,"loss"
"nfl-jac",11,"rushing",102,0,-1,"loss"
"nfl-jac",11,"passing",318,102,1,"loss"
"nfl-jac",10,"rushing",90,0,-1,"win"
"nfl-jac",10,"passing",218,90,1,"win"
"nfl-jac",9,"rushing",90,0,-1,"win"
"nfl-jac",9,"passing",168,90,1,"win"
"nfl-jac",8,"rushing",98,0,-1,"loss"
"nfl-jac",8,"passing",338,98,1,"loss"
"nfl-jac",7,"rushing",120,0,-1,"win"
"nfl-jac",7,"passing",175,120,1,"win"
"nfl-jac",6,"rushing",83,0,-1,"loss"
"nfl-jac",6,"passing",311,83,1,"loss"
"nfl-jac",5,"rushing",55,0,-1,"loss"
"nfl-jac",5,"passing",270,55,1,"loss"
"nfl-jac",4,"rushing",142,0,-1,"loss"
"nfl-jac",4,"passing",289,142,1,"loss"
"nfl-jac",3,"rushing",57,0,-1,"loss"
"nfl-jac",3,"passing",236,57,1,"loss"
"nfl-jac",2,"rushing",123,0,-1,"win"
"nfl-jac",2,"passing",273,123,1,"win"
"nfl-jac",1,"rushing",96,0,-1,"loss"
"nfl-jac",1,"passing",169,96,1,"loss"
"nfl-kc",16,"rushing",189,0,-1,"win"
"nfl-kc",16,"passing",150,189,1,"win"
"nfl-kc",15,"rushing",136,0,-1,"win"
"nfl-kc",15,"passing",122,136,1,"win"
"nfl-kc",14,"rushing",113,0,-1,"win"
"nfl-kc",14,"passing",164,113,1,"win"
"nfl-kc",13,"rushing",150,0,-1,"win"
"nfl-kc",13,"passing",179,150,1,"win"
"nfl-kc",12,"rushing",89,0,-1,"win"
"nfl-kc",12,"passing",143,89,1,"win"
"nfl-kc",11,"rushing",158,0,-1,"win"
"nfl-kc",11,"passing",255,158,1,"win"
"nfl-kc",10,"rushing",153,0,-1,"win"
"nfl-kc",10,"passing",232,153,1,"win"
"nfl-kc",9,"rushing",106,0,-1,"win"
"nfl-kc",9,"passing",197,106,1,"win"
"nfl-kc",8,"rushing",206,0,-1,"win"
"nfl-kc",8,"passing",134,206,1,"win"
"nfl-kc",7,"rushing",138,0,-1,"win"
"nfl-kc",7,"passing",239,138,1,"win"
"nfl-kc",6,"rushing",57,0,-1,"loss"
"nfl-kc",6,"passing",271,57,1,"loss"
"nfl-kc",5,"rushing",117,0,-1,"loss"
"nfl-kc",5,"passing",170,117,1,"loss"
"nfl-kc",4,"rushing",113,0,-1,"loss"
"nfl-kc",4,"passing",348,113,1,"loss"
"nfl-kc",3,"rushing",75,0,-1,"loss"
"nfl-kc",3,"passing",251,75,1,"loss"
"nfl-kc",2,"rushing",147,0,-1,"loss"
"nfl-kc",2,"passing",167,147,1,"loss"
"nfl-kc",1,"rushing",97,0,-1,"win"
"nfl-kc",1,"passing",233,97,1,"win"
"nfl-mia",16,"rushing",96,0,-1,"win"
"nfl-mia",16,"passing",342,96,1,"win"
"nfl-mia",15,"rushing",82,0,-1,"loss"
"nfl-mia",15,"passing",279,82,1,"loss"
"nfl-mia",14,"rushing",44,0,-1,"loss"
"nfl-mia",14,"passing",187,44,1,"loss"
"nfl-mia",13,"rushing",128,0,-1,"loss"
"nfl-mia",13,"passing",235,128,1,"loss"
"nfl-mia",12,"rushing",137,0,-1,"win"
"nfl-mia",12,"passing",82,137,1,"win"
"nfl-mia",11,"rushing",12,0,-1,"loss"
"nfl-mia",11,"passing",321,12,1,"loss"
"nfl-mia",10,"rushing",70,0,-1,"loss"
"nfl-mia",10,"passing",140,70,1,"loss"
"nfl-mia",9,"rushing",99,0,-1,"win"
"nfl-mia",9,"passing",190,99,1,"win"
"nfl-mia",8,"rushing",108,0,-1,"loss"
"nfl-mia",8,"passing",289,108,1,"loss"
"nfl-mia",7,"rushing",15,0,-1,"loss"
"nfl-mia",7,"passing",255,15,1,"loss"
"nfl-mia",6,"rushing",248,0,-1,"win"
"nfl-mia",6,"passing",255,248,1,"win"
"nfl-mia",5,"rushing",180,0,-1,"win"
"nfl-mia",5,"passing",254,180,1,"win"
"nfl-mia",4,"rushing",59,0,-1,"loss"
"nfl-mia",4,"passing",167,59,1,"loss"
"nfl-mia",3,"rushing",102,0,-1,"loss"
"nfl-mia",3,"passing",289,102,1,"loss"
"nfl-mia",2,"rushing",42,0,-1,"loss"
"nfl-mia",2,"passing",344,42,1,"loss"
"nfl-mia",1,"rushing",74,0,-1,"win"
"nfl-mia",1,"passing",182,74,1,"win"
"nfl-min",16,"rushing",151,0,-1,"win"
"nfl-min",16,"passing",91,151,1,"win"
"nfl-min",15,"rushing",218,0,-1,"win"
"nfl-min",15,"passing",150,218,1,"win"
"nfl-min",14,"rushing",129,0,-1,"win"
"nfl-min",14,"passing",221,129,1,"win"
"nfl-min",13,"rushing",72,0,-1,"loss"
"nfl-min",13,"passing",317,72,1,"loss"
"nfl-min",12,"rushing",31,0,-1,"loss"
"nfl-min",12,"passing",94,31,1,"loss"
"nfl-min",11,"rushing",191,0,-1,"win"
"nfl-min",11,"passing",174,191,1,"win"
"nfl-min",10,"rushing",94,0,-1,"loss"
"nfl-min",10,"passing",248,94,1,"loss"
"nfl-min",9,"rushing",263,0,-1,"win"
"nfl-min",9,"passing",122,263,1,"win"
"nfl-min",8,"rushing",145,0,-1,"win"
"nfl-min",8,"passing",148,145,1,"win"
"nfl-min",7,"rushing",147,0,-1,"win"
"nfl-min",7,"passing",180,147,1,"win"
"nfl-min",6,"rushing",140,0,-1,"win"
"nfl-min",6,"passing",285,140,1,"win"
"nfl-min",5,"rushing",84,0,-1,"win"
"nfl-min",5,"passing",237,84,1,"win"
"nfl-min",4,"rushing",113,0,-1,"loss"
"nfl-min",4,"passing",212,113,1,"loss"
"nfl-min",3,"rushing",163,0,-1,"win"
"nfl-min",3,"passing",121,163,1,"win"
"nfl-min",2,"rushing",199,0,-1,"win"
"nfl-min",2,"passing",151,199,1,"win"
"nfl-min",1,"rushing",71,0,-1,"loss"
"nfl-min",1,"passing",177,71,1,"loss"
"nfl-ne",16,"rushing",70,0,-1,"loss"
"nfl-ne",16,"passing",126,70,1,"loss"
"nfl-ne",15,"rushing",63,0,-1,"loss"
"nfl-ne",15,"passing",221,63,1,"loss"
"nfl-ne",14,"rushing",93,0,-1,"win"
"nfl-ne",14,"passing",253,93,1,"win"
"nfl-ne",13,"rushing",116,0,-1,"win"
"nfl-ne",13,"passing",197,116,1,"win"
"nfl-ne",12,"rushing",103,0,-1,"loss"
"nfl-ne",12,"passing",324,103,1,"loss"
"nfl-ne",11,"rushing",39,0,-1,"loss"
"nfl-ne",11,"passing",262,39,1,"loss"
"nfl-ne",10,"rushing",85,0,-1,"win"
"nfl-ne",10,"passing",271,85,1,"win"
"nfl-ne",9,"rushing",77,0,-1,"win"
"nfl-ne",9,"passing",329,77,1,"win"
"nfl-ne",8,"rushing",161,0,-1,"win"
"nfl-ne",8,"passing",299,161,1,"win"
"nfl-ne",7,"rushing",95,0,-1,"win"
"nfl-ne",7,"passing",342,95,1,"win"
"nfl-ne",6,"rushing",16,0,-1,"win"
"nfl-ne",6,"passing",337,16,1,"win"
"nfl-ne",5,"rushing",116,0,-1,"win"
"nfl-ne",5,"passing",301,116,1,"win"
"nfl-ne",4,"rushing",109,0,-1,"win"
"nfl-ne",4,"passing",247,109,1,"win"
"nfl-ne",3,"rushing",125,0,-1,"win"
"nfl-ne",3,"passing",346,125,1,"win"
"nfl-ne",2,"rushing",56,0,-1,"win"
"nfl-ne",2,"passing",451,56,1,"win"
"nfl-ne",1,"rushing",80,0,-1,"win"
"nfl-ne",1,"passing",281,80,1,"win"
"nfl-no",16,"rushing",67,0,-1,"win"
"nfl-no",16,"passing",323,67,1,"win"
"nfl-no",15,"rushing",135,0,-1,"win"
"nfl-no",15,"passing",402,135,1,"win"
"nfl-no",14,"rushing",69,0,-1,"loss"
"nfl-no",14,"passing",330,69,1,"loss"
"nfl-no",13,"rushing",87,0,-1,"win"
"nfl-no",13,"passing",301,87,1,"win"
"nfl-no",12,"rushing",70,0,-1,"loss"
"nfl-no",12,"passing",264,70,1,"loss"
"nfl-no",11,"rushing",50,0,-1,"loss"
"nfl-no",11,"passing",218,50,1,"loss"
"nfl-no",10,"rushing",158,0,-1,"loss"
"nfl-no",10,"passing",192,158,1,"loss"
"nfl-no",9,"rushing",61,0,-1,"loss"
"nfl-no",9,"passing",355,61,1,"loss"
"nfl-no",8,"rushing",103,0,-1,"win"
"nfl-no",8,"passing",505,103,1,"win"
"nfl-no",7,"rushing",183,0,-1,"win"
"nfl-no",7,"passing",266,183,1,"win"
"nfl-no",6,"rushing",81,0,-1,"win"
"nfl-no",6,"passing",304,81,1,"win"
"nfl-no",5,"rushing",96,0,-1,"loss"
"nfl-no",5,"passing",292,96,1,"loss"
"nfl-no",4,"rushing",103,0,-1,"win"
"nfl-no",4,"passing",335,103,1,"win"
"nfl-no",3,"rushing",70,0,-1,"loss"
"nfl-no",3,"passing",310,70,1,"loss"
"nfl-no",2,"rushing",104,0,-1,"loss"
"nfl-no",2,"passing",219,104,1,"loss"
"nfl-no",1,"rushing",54,0,-1,"loss"
"nfl-no",1,"passing",354,54,1,"loss"
"nfl-nyg",16,"rushing",208,0,-1,"loss"
"nfl-nyg",16,"passing",294,208,1,"loss"
"nfl-nyg",15,"rushing",91,0,-1,"loss"
"nfl-nyg",15,"passing",272,91,1,"loss"
"nfl-nyg",14,"rushing",161,0,-1,"loss"
"nfl-nyg",14,"passing",245,161,1,"loss"
"nfl-nyg",13,"rushing",92,0,-1,"win"
"nfl-nyg",13,"passing",337,92,1,"win"
"nfl-nyg",12,"rushing",74,0,-1,"loss"
"nfl-nyg",12,"passing",281,74,1,"loss"
"nfl-nyg",11,"rushing",33,0,-1,"loss"
"nfl-nyg",11,"passing",299,33,1,"loss"
"nfl-nyg",10,"rushing",80,0,-1,"loss"
"nfl-nyg",10,"passing",342,80,1,"loss"
"nfl-nyg",9,"rushing",114,0,-1,"win"
"nfl-nyg",9,"passing",213,114,1,"win"
"nfl-nyg",8,"rushing",87,0,-1,"loss"
"nfl-nyg",8,"passing",329,87,1,"loss"
"nfl-nyg",7,"rushing",132,0,-1,"win"
"nfl-nyg",7,"passing",157,132,1,"win"
"nfl-nyg",6,"rushing",81,0,-1,"loss"
"nfl-nyg",6,"passing",166,81,1,"loss"
"nfl-nyg",5,"rushing",84,0,-1,"win"
"nfl-nyg",5,"passing",441,84,1,"win"
"nfl-nyg",4,"rushing",92,0,-1,"win"
"nfl-nyg",4,"passing",211,92,1,"win"
"nfl-nyg",3,"rushing",84,0,-1,"win"
"nfl-nyg",3,"passing",279,84,1,"win"
"nfl-nyg",2,"rushing",97,0,-1,"loss"
"nfl-nyg",2,"passing",291,97,1,"loss"
"nfl-nyg",1,"rushing",99,0,-1,"loss"
"nfl-nyg",1,"passing",190,99,1,"loss"
"nfl-nyj",16,"rushing",122,0,-1,"loss"
"nfl-nyj",16,"passing",178,122,1,"loss"
"nfl-nyj",15,"rushing",143,0,-1,"win"
"nfl-nyj",15,"passing",285,143,1,"win"
"nfl-nyj",14,"rushing",73,0,-1,"win"
"nfl-nyj",14,"passing",299,73,1,"win"
"nfl-nyj",13,"rushing",183,0,-1,"win"
"nfl-nyj",13,"passing",256,183,1,"win"
"nfl-nyj",12,"rushing",90,0,-1,"win"
"nfl-nyj",12,"passing",373,90,1,"win"
"nfl-nyj",11,"rushing",137,0,-1,"win"
"nfl-nyj",11,"passing",274,137,1,"win"
"nfl-nyj",10,"rushing",70,0,-1,"loss"
"nfl-nyj",10,"passing",197,70,1,"loss"
"nfl-nyj",9,"rushing",128,0,-1,"loss"
"nfl-nyj",9,"passing",190,128,1,"loss"
"nfl-nyj",8,"rushing",29,0,-1,"win"
"nfl-nyj",8,"passing",261,29,1,"win"
"nfl-nyj",7,"rushing",74,0,-1,"loss"
"nfl-nyj",7,"passing",292,74,1,"loss"
"nfl-nyj",6,"rushing",89,0,-1,"loss"
"nfl-nyj",6,"passing",283,89,1,"loss"
"nfl-nyj",5,"rushing",221,0,-1,"win"
"nfl-nyj",5,"passing",253,221,1,"win"
"nfl-nyj",4,"rushing",207,0,-1,"win"
"nfl-nyj",4,"passing",218,207,1,"win"
"nfl-nyj",3,"rushing",47,0,-1,"loss"
"nfl-nyj",3,"passing",276,47,1,"loss"
"nfl-nyj",2,"rushing",101,0,-1,"win"
"nfl-nyj",2,"passing",243,101,1,"win"
"nfl-nyj",1,"rushing",154,0,-1,"win"
"nfl-nyj",1,"passing",179,154,1,"win"
"nfl-oak",16,"rushing",48,0,-1,"loss"
"nfl-oak",16,"passing",157,48,1,"loss"
"nfl-oak",15,"rushing",106,0,-1,"win"
"nfl-oak",15,"passing",175,106,1,"win"
"nfl-oak",14,"rushing",120,0,-1,"loss"
"nfl-oak",14,"passing",252,120,1,"loss"
"nfl-oak",13,"rushing",27,0,-1,"win"
"nfl-oak",13,"passing",99,27,1,"win"
"nfl-oak",12,"rushing",99,0,-1,"loss"
"nfl-oak",12,"passing",262,99,1,"loss"
"nfl-oak",11,"rushing",84,0,-1,"win"
"nfl-oak",11,"passing",323,84,1,"win"
"nfl-oak",10,"rushing",52,0,-1,"loss"
"nfl-oak",10,"passing",164,52,1,"loss"
"nfl-oak",9,"rushing",84,0,-1,"loss"
"nfl-oak",9,"passing",287,84,1,"loss"
"nfl-oak",8,"rushing",139,0,-1,"loss"
"nfl-oak",8,"passing",301,139,1,"loss"
"nfl-oak",7,"rushing",118,0,-1,"win"
"nfl-oak",7,"passing",333,118,1,"win"
"nfl-oak",6,"rushing",130,0,-1,"win"
"nfl-oak",6,"passing",282,130,1,"win"
"nfl-oak",5,"rushing",65,0,-1,"loss"
"nfl-oak",5,"passing",223,65,1,"loss"
"nfl-oak",4,"rushing",70,0,-1,"loss"
"nfl-oak",4,"passing",173,70,1,"loss"
"nfl-oak",3,"rushing",155,0,-1,"win"
"nfl-oak",3,"passing",314,155,1,"win"
"nfl-oak",2,"rushing",97,0,-1,"win"
"nfl-oak",2,"passing",351,97,1,"win"
"nfl-oak",1,"rushing",63,0,-1,"loss"
"nfl-oak",1,"passing",183,63,1,"loss"
"nfl-phi",16,"rushing",120,0,-1,"win"
"nfl-phi",16,"passing",315,120,1,"win"
"nfl-phi",15,"rushing",45,0,-1,"loss"
"nfl-phi",15,"passing",353,45,1,"loss"
"nfl-phi",14,"rushing",74,0,-1,"loss"
"nfl-phi",14,"passing",350,74,1,"loss"
"nfl-phi",13,"rushing",116,0,-1,"win"
"nfl-phi",13,"passing",232,116,1,"win"
"nfl-phi",12,"rushing",128,0,-1,"win"
"nfl-phi",12,"passing",120,128,1,"win"
"nfl-phi",11,"rushing",68,0,-1,"loss"
"nfl-phi",11,"passing",159,68,1,"loss"
"nfl-phi",10,"rushing",136,0,-1,"loss"
"nfl-phi",10,"passing",247,136,1,"loss"
"nfl-phi",9,"rushing",83,0,-1,"loss"
"nfl-phi",9,"passing",353,83,1,"loss"
"nfl-phi",8,"rushing",172,0,-1,"win"
"nfl-phi",8,"passing",287,172,1,"win"
"nfl-phi",7,"rushing",177,0,-1,"loss"
"nfl-phi",7,"passing",172,177,1,"loss"
"nfl-phi",6,"rushing",158,0,-1,"win"
"nfl-phi",6,"passing",270,158,1,"win"
"nfl-phi",5,"rushing",186,0,-1,"win"
"nfl-phi",5,"passing",333,186,1,"win"
"nfl-phi",4,"rushing",87,0,-1,"loss"
"nfl-phi",4,"passing",233,87,1,"loss"
"nfl-phi",3,"rushing",123,0,-1,"win"
"nfl-phi",3,"passing",108,123,1,"win"
"nfl-phi",2,"rushing",7,0,-1,"loss"
"nfl-phi",2,"passing",219,7,1,"loss"
"nfl-phi",1,"rushing",63,0,-1,"loss"
"nfl-phi",1,"passing",336,63,1,"loss"
"nfl-pit",16,"rushing",30,0,-1,"win"
"nfl-pit",16,"passing",349,30,1,"win"
"nfl-pit",15,"rushing",110,0,-1,"loss"
"nfl-pit",15,"passing",198,110,1,"loss"
"nfl-pit",14,"rushing",23,0,-1,"win"
"nfl-pit",14,"passing",354,23,1,"win"
"nfl-pit",13,"rushing",84,0,-1,"win"
"nfl-pit",13,"passing",270,84,1,"win"
"nfl-pit",12,"rushing",158,0,-1,"win"
"nfl-pit",12,"passing",364,158,1,"win"
"nfl-pit",11,"rushing",58,0,-1,"loss"
"nfl-pit",11,"passing",480,58,1,"loss"
"nfl-pit",10,"rushing",60,0,-1,"win"
"nfl-pit",10,"passing",399,60,1,"win"
"nfl-pit",9,"rushing",195,0,-1,"win"
"nfl-pit",9,"passing",402,195,1,"win"
"nfl-pit",8,"rushing",116,0,-1,"loss"
"nfl-pit",8,"passing",240,116,1,"loss"
"nfl-pit",7,"rushing",147,0,-1,"loss"
"nfl-pit",7,"passing",192,147,1,"loss"
"nfl-pit",6,"rushing",141,0,-1,"win"
"nfl-pit",6,"passing",169,141,1,"win"
"nfl-pit",5,"rushing",155,0,-1,"win"
"nfl-pit",5,"passing",194,155,1,"win"
"nfl-pit",4,"rushing",167,0,-1,"loss"
"nfl-pit",4,"passing",96,167,1,"loss"
"nfl-pit",3,"rushing",62,0,-1,"win"
"nfl-pit",3,"passing",197,62,1,"win"
"nfl-pit",2,"rushing",84,0,-1,"win"
"nfl-pit",2,"passing",369,84,1,"win"
"nfl-pit",1,"rushing",134,0,-1,"loss"
"nfl-pit",1,"passing",330,134,1,"loss"
"nfl-sd",16,"rushing",110,0,-1,"loss"
"nfl-sd",16,"passing",207,110,1,"loss"
"nfl-sd",15,"rushing",72,0,-1,"loss"
"nfl-sd",15,"passing",271,72,1,"loss"
"nfl-sd",14,"rushing",140,0,-1,"win"
"nfl-sd",14,"passing",302,140,1,"win"
"nfl-sd",13,"rushing",44,0,-1,"loss"
"nfl-sd",13,"passing",236,44,1,"loss"
"nfl-sd",12,"rushing",93,0,-1,"loss"
"nfl-sd",12,"passing",179,93,1,"loss"
"nfl-sd",11,"rushing",79,0,-1,"win"
"nfl-sd",11,"passing",290,79,1,"win"
"nfl-sd",10,"rushing",52,0,-1,"loss"
"nfl-sd",10,"passing",149,52,1,"loss"
"nfl-sd",9,"rushing",77,0,-1,"loss"
"nfl-sd",9,"passing",262,77,1,"loss"
"nfl-sd",8,"rushing",81,0,-1,"loss"
"nfl-sd",8,"passing",290,81,1,"loss"
"nfl-sd",7,"rushing",90,0,-1,"loss"
"nfl-sd",7,"passing",327,90,1,"loss"
"nfl-sd",6,"rushing",60,0,-1,"loss"
"nfl-sd",6,"passing",488,60,1,"loss"
"nfl-sd",5,"rushing",52,0,-1,"loss"
"nfl-sd",5,"passing",354,52,1,"loss"
"nfl-sd",4,"rushing",91,0,-1,"win"
"nfl-sd",4,"passing",347,91,1,"win"
"nfl-sd",3,"rushing",90,0,-1,"loss"
"nfl-sd",3,"passing",279,90,1,"loss"
"nfl-sd",2,"rushing",131,0,-1,"loss"
"nfl-sd",2,"passing",223,131,1,"loss"
"nfl-sd",1,"rushing",96,0,-1,"win"
"nfl-sd",1,"passing",387,96,1,"win"
"nfl-sea",16,"rushing",145,0,-1,"win"
"nfl-sea",16,"passing",209,145,1,"win"
"nfl-sea",15,"rushing",59,0,-1,"loss"
"nfl-sea",15,"passing",253,59,1,"loss"
"nfl-sea",14,"rushing",182,0,-1,"win"
"nfl-sea",14,"passing",241,182,1,"win"
"nfl-sea",13,"rushing",123,0,-1,"win"
"nfl-sea",13,"passing",301,123,1,"win"
"nfl-sea",12,"rushing",173,0,-1,"win"
"nfl-sea",12,"passing",260,173,1,"win"
"nfl-sea",11,"rushing",100,0,-1,"win"
"nfl-sea",11,"passing",336,100,1,"win"
"nfl-sea",10,"rushing",255,0,-1,"win"
"nfl-sea",10,"passing",253,255,1,"win"
"nfl-sea",9,"rushing",115,0,-1,"loss"
"nfl-sea",9,"passing",228,115,1,"loss"
"nfl-sea",8,"rushing",113,0,-1,"win"
"nfl-sea",8,"passing",210,113,1,"win"
"nfl-sea",7,"rushing",176,0,-1,"win"
"nfl-sea",7,"passing",212,176,1,"win"
"nfl-sea",6,"rushing",115,0,-1,"loss"
"nfl-sea",6,"passing",219,115,1,"loss"
"nfl-sea",5,"rushing",200,0,-1,"loss"
"nfl-sea",5,"passing",197,200,1,"loss"
"nfl-sea",4,"rushing",110,0,-1,"win"
"nfl-sea",4,"passing",235,110,1,"win"
"nfl-sea",3,"rushing",159,0,-1,"win"
"nfl-sea",3,"passing",212,159,1,"win"
"nfl-sea",2,"rushing",119,0,-1,"loss"
"nfl-sea",2,"passing",205,119,1,"loss"
"nfl-sea",1,"rushing",124,0,-1,"loss"
"nfl-sea",1,"passing",219,124,1,"loss"
"nfl-sf",16,"rushing",108,0,-1,"win"
"nfl-sf",16,"passing",350,108,1,"win"
"nfl-sf",15,"rushing",121,0,-1,"loss"
"nfl-sf",15,"passing",201,121,1,"loss"
"nfl-sf",14,"rushing",55,0,-1,"loss"
"nfl-sf",14,"passing",263,55,1,"loss"
"nfl-sf",13,"rushing",71,0,-1,"loss"
"nfl-sf",13,"passing",150,71,1,"loss"
"nfl-sf",12,"rushing",121,0,-1,"win"
"nfl-sf",12,"passing",170,121,1,"win"
"nfl-sf",11,"rushing",67,0,-1,"loss"
"nfl-sf",11,"passing",301,67,1,"loss"
"nfl-sf",10,"rushing",59,0,-1,"loss"
"nfl-sf",10,"passing",247,59,1,"loss"
"nfl-sf",9,"rushing",133,0,-1,"win"
"nfl-sf",9,"passing",185,133,1,"win"
"nfl-sf",8,"rushing",38,0,-1,"loss"
"nfl-sf",8,"passing",151,38,1,"loss"
"nfl-sf",7,"rushing",61,0,-1,"loss"
"nfl-sf",7,"passing",81,61,1,"loss"
"nfl-sf",6,"rushing",65,0,-1,"win"
"nfl-sf",6,"passing",326,65,1,"win"
"nfl-sf",5,"rushing",124,0,-1,"loss"
"nfl-sf",5,"passing",256,124,1,"loss"
"nfl-sf",4,"rushing",77,0,-1,"loss"
"nfl-sf",4,"passing",119,77,1,"loss"
"nfl-sf",3,"rushing",103,0,-1,"loss"
"nfl-sf",3,"passing",53,103,1,"loss"
"nfl-sf",2,"rushing",111,0,-1,"loss"
"nfl-sf",2,"passing",298,111,1,"loss"
"nfl-sf",1,"rushing",230,0,-1,"win"
"nfl-sf",1,"passing",165,230,1,"win"
"nfl-stl",16,"rushing",133,0,-1,"loss"
"nfl-stl",16,"passing",231,133,1,"loss"
"nfl-stl",15,"rushing",102,0,-1,"win"
"nfl-stl",15,"passing",103,102,1,"win"
"nfl-stl",14,"rushing",98,0,-1,"win"
"nfl-stl",14,"passing",221,98,1,"win"
"nfl-stl",13,"rushing",203,0,-1,"win"
"nfl-stl",13,"passing",114,203,1,"win"
"nfl-stl",12,"rushing",66,0,-1,"loss"
"nfl-stl",12,"passing",146,66,1,"loss"
"nfl-stl",11,"rushing",94,0,-1,"loss"
"nfl-stl",11,"passing",251,94,1,"loss"
"nfl-stl",10,"rushing",82,0,-1,"loss"
"nfl-stl",10,"passing",131,82,1,"loss"
"nfl-stl",9,"rushing",94,0,-1,"loss"
"nfl-stl",9,"passing",191,94,1,"loss"
"nfl-stl",8,"rushing",160,0,-1,"loss"
"nfl-stl",8,"passing",160,160,1,"loss"
"nfl-stl",7,"rushing",197,0,-1,"win"
"nfl-stl",7,"passing",191,197,1,"win"
"nfl-stl",6,"rushing",158,0,-1,"win"
"nfl-stl",6,"passing",150,158,1,"win"
"nfl-stl",5,"rushing",191,0,-1,"loss"
"nfl-stl",5,"passing",143,191,1,"loss"
"nfl-stl",4,"rushing",164,0,-1,"win"
"nfl-stl",4,"passing",164,164,1,"win"
"nfl-stl",3,"rushing",71,0,-1,"loss"
"nfl-stl",3,"passing",187,71,1,"loss"
"nfl-stl",2,"rushing",67,0,-1,"loss"
"nfl-stl",2,"passing",146,67,1,"loss"
"nfl-stl",1,"rushing",76,0,-1,"win"
"nfl-stl",1,"passing",276,76,1,"win"
"nfl-tb",16,"rushing",77,0,-1,"loss"
"nfl-tb",16,"passing",309,77,1,"loss"
"nfl-tb",15,"rushing",104,0,-1,"loss"
"nfl-tb",15,"passing",285,104,1,"loss"
"nfl-tb",14,"rushing",146,0,-1,"loss"
"nfl-tb",14,"passing",363,146,1,"loss"
"nfl-tb",13,"rushing",115,0,-1,"loss"
"nfl-tb",13,"passing",176,115,1,"loss"
"nfl-tb",12,"rushing",166,0,-1,"win"
"nfl-tb",12,"passing",222,166,1,"win"
"nfl-tb",11,"rushing",132,0,-1,"loss"
"nfl-tb",11,"passing",212,132,1,"loss"
"nfl-tb",10,"rushing",283,0,-1,"win"
"nfl-tb",10,"passing",238,283,1,"win"
"nfl-tb",9,"rushing",81,0,-1,"win"
"nfl-tb",9,"passing",246,81,1,"win"
"nfl-tb",8,"rushing",136,0,-1,"loss"
"nfl-tb",8,"passing",247,136,1,"loss"
"nfl-tb",7,"rushing",117,0,-1,"win"
"nfl-tb",7,"passing",173,117,1,"win"
"nfl-tb",6,"rushing",190,0,-1,"loss"
"nfl-tb",6,"passing",289,190,1,"loss"
"nfl-tb",5,"rushing",183,0,-1,"win"
"nfl-tb",5,"passing",186,183,1,"win"
"nfl-tb",4,"rushing",141,0,-1,"loss"
"nfl-tb",4,"passing",270,141,1,"loss"
"nfl-tb",3,"rushing",57,0,-1,"loss"
"nfl-tb",3,"passing",261,57,1,"loss"
"nfl-tb",2,"rushing",139,0,-1,"win"
"nfl-tb",2,"passing",194,139,1,"win"
"nfl-tb",1,"rushing",92,0,-1,"loss"
"nfl-tb",1,"passing",181,92,1,"loss"
"nfl-ten",16,"rushing",137,0,-1,"loss"
"nfl-ten",16,"passing",94,137,1,"loss"
"nfl-ten",15,"rushing",30,0,-1,"loss"
"nfl-ten",15,"passing",227,30,1,"loss"
"nfl-ten",14,"rushing",59,0,-1,"loss"
"nfl-ten",14,"passing",223,59,1,"loss"
"nfl-ten",13,"rushing",24,0,-1,"loss"
"nfl-ten",13,"passing",268,24,1,"loss"
"nfl-ten",12,"rushing",210,0,-1,"win"
"nfl-ten",12,"passing",257,210,1,"win"
"nfl-ten",11,"rushing",44,0,-1,"loss"
"nfl-ten",11,"passing",205,44,1,"loss"
"nfl-ten",10,"rushing",104,0,-1,"loss"
"nfl-ten",10,"passing",212,104,1,"loss"
"nfl-ten",9,"rushing",64,0,-1,"loss"
"nfl-ten",9,"passing",178,64,1,"loss"
"nfl-ten",8,"rushing",112,0,-1,"win"
"nfl-ten",8,"passing",371,112,1,"win"
"nfl-ten",7,"rushing",86,0,-1,"loss"
"nfl-ten",7,"passing",125,86,1,"loss"
"nfl-ten",6,"rushing",77,0,-1,"loss"
"nfl-ten",6,"passing",179,77,1,"loss"
"nfl-ten",5,"rushing",63,0,-1,"loss"
"nfl-ten",5,"passing",236,63,1,"loss"
"nfl-ten",4,"rushing",97,0,-1,"loss"
"nfl-ten",4,"passing",179,97,1,"loss"
"nfl-ten",3,"rushing",88,0,-1,"loss"
"nfl-ten",3,"passing",345,88,1,"loss"
"nfl-ten",2,"rushing",166,0,-1,"loss"
"nfl-ten",2,"passing",219,166,1,"loss"
"nfl-ten",1,"rushing",124,0,-1,"win"
"nfl-ten",1,"passing",185,124,1,"win"
"nfl-was",16,"rushing",146,0,-1,"win"
"nfl-was",16,"passing",291,146,1,"win"
"nfl-was",15,"rushing",67,0,-1,"win"
"nfl-was",15,"passing",351,67,1,"win"
"nfl-was",14,"rushing",123,0,-1,"win"
"nfl-was",14,"passing",308,123,1,"win"
"nfl-was",13,"rushing",99,0,-1,"win"
"nfl-was",13,"passing",275,99,1,"win"
"nfl-was",12,"rushing",73,0,-1,"loss"
"nfl-was",12,"passing",193,73,1,"loss"
"nfl-was",11,"rushing",105,0,-1,"win"
"nfl-was",11,"passing",302,105,1,"win"
"nfl-was",10,"rushing",14,0,-1,"loss"
"nfl-was",10,"passing",172,14,1,"loss"
"nfl-was",9,"rushing",209,0,-1,"win"
"nfl-was",9,"passing",301,209,1,"win"
"nfl-was",8,"rushing",37,0,-1,"loss"
"nfl-was",8,"passing",213,37,1,"loss"
"nfl-was",7,"rushing",50,0,-1,"win"
"nfl-was",7,"passing",305,50,1,"win"
"nfl-was",6,"rushing",34,0,-1,"loss"
"nfl-was",6,"passing",191,34,1,"loss"
"nfl-was",5,"rushing",51,0,-1,"loss"
"nfl-was",5,"passing",219,51,1,"loss"
"nfl-was",4,"rushing",127,0,-1,"win"
"nfl-was",4,"passing",290,127,1,"win"
"nfl-was",3,"rushing",88,0,-1,"loss"
"nfl-was",3,"passing",305,88,1,"loss"
"nfl-was",2,"rushing",182,0,-1,"win"
"nfl-was",2,"passing",191,182,1,"win"
"nfl-was",1,"rushing",161,0,-1,"loss"
"nfl-was",1,"passing",188,161,1,"loss"